Samples,Final Pb207/U235_mean,Final Pb207/U235_2SE(int),Final Pb206/U238_mean,Final Pb206/U238_2SE(int),rho 206Pb/238U v 207Pb/235U,Final Pb207/Pb206 age_mean
RB22AS2-1-15-1,2.531627183,0.139462762,0.17919192,0.008838467,0.940088466,1672.544467
RB22AS2-1-1-1,1.073851513,0.032668907,0.078525901,0.002092931,0.937026381,1618.326513
RB22AS2-1-1-2,0.497228978,0.022665136,0.037358545,0.00159561,0.97893269,1567.511307
RB22AS2-1-1-3,1.474807162,0.087330661,0.107551125,0.006392631,0.987909733,1619.840217
RB22AS2-1-1-4,0.60090056,0.022466452,0.045105887,0.001574768,0.957824979,1566.229939
RB22AS2-1-1-5,1.183290016,0.061708111,0.086274875,0.004282806,0.961529394,1620.88484
RB22AS2-1-3-1,0.689749267,0.091277955,0.059030168,0.006125994,0.926383072,1308.752073
RB22AS2-1-3-2,0.501008538,0.055398631,0.046869087,0.004587829,0.953151147,1142.961787
RB22AS2-1-3-3,1.858123023,0.044113118,0.181141613,0.003586426,0.464545809,1052.175733
RB22AS2-1-3-4,0.886663386,0.068270568,0.082147118,0.005177946,0.939832682,1143.471087
RB22AS2-1-3-5,1.830752554,0.045406585,0.174670118,0.002919485,0.806884387,1093.792334
RB22AS2-1-3-6,1.844047706,0.037616903,0.177776116,0.003283066,0.618570029,1074.604412
RB22AS2-1-3-7,0.770695744,0.048736566,0.068966558,0.003725135,0.902329633,1214.734677
RB22AS2-1-2-1,3.855708605,0.12033123,0.272582919,0.0086355,0.892473586,1671.353364
RB22AS2-1-2-2,3.184581213,0.091311377,0.22302808,0.007163575,0.897857997,1691.261517
RB22AS2-1-2-3,4.02658448,0.064865373,0.285444556,0.006421171,0.680854841,1669.032635
RB22AS2-1-2-4,3.124792969,0.106612114,0.221732337,0.007566424,0.893336414,1664.409411
RB22AS2-1-9-1,2.311524912,0.053232543,0.189944909,0.005648556,0.824980272,1396.110846
RB22AS2-1-9-2,2.508279137,0.056103584,0.206536568,0.005512204,0.750744833,1398.694628
RB22AS2-1-9-3,2.510831617,0.159037964,0.197974175,0.008199053,0.807659622,1472.786799
RB22AS2-1-9-4,0.949242765,0.039848079,0.077659309,0.002381658,0.849948434,1393.056115
RB22AS2-1-8-1,0.062503748,0.004892243,0.006209247,0.000121665,0.720237882,1012.310255
RB22AS2-1-8-2,0.078394388,0.008988645,0.006510778,0.000277863,0.591432209,1308.94006
RB22AS2-1-8-3,0.190817304,0.025128907,0.008051621,0.000324876,0.817376826,2485.751182
RB22AS2-1-8-4,0.065054739,0.009972338,0.005869797,0.000120897,0.222217968,1159.165754
RB22AS2-1-7-1,0.54661783,0.056073486,0.040450862,0.00374861,0.979385828,1581.743008
RB22AS2-1-7-2,2.299268277,0.1198744,0.162009444,0.008414527,0.982179362,1684.029677
RB22AS2-1-7-3,2.039173945,0.12736869,0.145180192,0.008853351,0.982080775,1662.137935
RB22AS2-1-7-4,1.428451372,0.156863909,0.101965477,0.010727537,0.993510238,1658.664382
RB22AS2-1-7-5,2.133624703,0.121087615,0.15576288,0.008686792,0.887786635,1635.173907
RB22AS2-1-5-1,3.964779332,0.140855476,0.275805903,0.010018841,0.936042921,1707.175068
RB22AS2-1-5-2,4.091573666,0.063025546,0.287967158,0.003484999,0.835295293,1687.152153
RB22AS2-1-5-3,4.053876311,0.087256135,0.284975195,0.00500221,0.783123323,1688.637624
RB22AS2-1-6-1,0.880320841,0.082745257,0.086309249,0.007445386,0.986273624,1040.588995
RB22AS2-1-6-2,0.512727833,0.031981831,0.048702134,0.00307185,0.956808349,1106.941321
RB22AS2-1-6-3,0.649074648,0.01974866,0.062583385,0.001978846,0.800057095,1087.411655
RB22AS2-1-6-4,0.816746683,0.043056028,0.080592212,0.00396426,0.927494459,1034.361818
RB22AS2-1-6-5,0.885934682,0.029534727,0.084813685,0.002763476,0.899632613,1102.285213
RB22AS2-1-11-1,0.505193105,0.055397887,0.037838759,0.004306087,0.920595781,1555.941499
RB22AS2-1-11-2,0.329130282,0.035854897,0.025863864,0.002376513,0.985896878,1462.151266
RB22AS2-1-11-3,0.266645983,0.022952972,0.020574361,0.001635118,0.893492746,1527.875335
RB22AS2-1-11-4,0.301549299,0.028095837,0.023244893,0.001919834,0.938557869,1509.45471
RB22AS2-1-11-5,0.342041012,0.014890238,0.027132779,0.000976192,0.908149677,1459.619568
RB22AS2-1-11-6,0.183852747,0.006293506,0.014798077,0.00064077,0.548551831,1443.601621
RB22AS2-1-12-1,0.557573609,0.071873779,0.041586992,0.004968193,0.993649861,1559.516802
RB22AS2-1-12-2,3.058413536,0.085996729,0.218564178,0.005116336,0.87636001,1663.084905
RB22AS2-1-12-3,3.7169666,0.065328184,0.261183821,0.004220095,0.833553052,1685.392454
RB22AS2-1-12-4,0.783656771,0.106192374,0.058007752,0.008280908,0.920970526,1589.835783
RB22AS2-1-13-1,1.165110352,0.050172738,0.096715906,0.004167892,0.963429644,1368.879833
RB22AS2-1-13-2,1.832805497,0.071276858,0.153771278,0.006340983,0.966347254,1347.793915
RB22AS2-1-13-3,2.585248363,0.046246491,0.216026847,0.004261478,0.878192977,1358.704715
RB22AS2-1-13-4,2.661619951,0.042545919,0.222361474,0.003246059,0.624290486,1353.245737
RB22AS2-1-13-5,2.272757339,0.04615816,0.185526005,0.003603341,0.83612669,1383.282315
RB22AS2-1-13-6,2.019968734,0.030414592,0.167809064,0.00221922,0.515920125,1362.578895
RB22AS2-1-13-7,2.000037499,0.040373838,0.165287592,0.002633566,0.745097585,1369.494672
RB22AS2-1-14-1,0.267991651,0.015478206,0.021658307,0.001085932,0.888544006,1395.744947
RB22AS2-1-14-2,1.510538941,0.067738961,0.121284985,0.005912077,0.928227037,1416.440691
RB22AS2-1-14-3,1.607752963,0.064410657,0.128136566,0.00480314,0.910832199,1433.55129
RB22AS2-1-14-4,2.321039543,0.08734017,0.187971023,0.007459101,0.932615525,1400.046612
RB22AS2-6-1-1,2.77849795,0.06990447,0.190138497,0.005761398,0.927449355,1724.850214
RB22AS2-6-1-2,3.008951199,0.113120856,0.206880371,0.007468854,0.945790474,1712.59457
RB22AS2-6-1-3,3.524622522,0.056229161,0.241591986,0.003976542,0.843169916,1720.189739
RB22AS2-6-2-1,3.08344109,0.11092772,0.213099935,0.007791262,0.875735856,1710.633665
RB22AS2-6-2-2,2.743004546,0.070777189,0.187197354,0.004714658,0.904747764,1729.976558
RB22AS2-6-2-3,3.604513912,0.099491297,0.244660775,0.006304019,0.888713772,1734.810344
RB22AS2-6-3-1,2.43037355,0.046551858,0.197301722,0.003227678,0.782261736,1411.870826
RB22AS2-6-3-2,1.308997233,0.079450265,0.101541094,0.00646143,0.86979121,1505.082086
RB22AS2-6-4-1,0.350460931,0.022825798,0.034432151,0.00212546,0.793468046,1050.868878
RB22AS2-6-4-2,1.927468763,0.055908648,0.18271257,0.00391053,0.712292894,1104.284789
RB22AS2-6-4-3,1.846964618,0.048935612,0.176947166,0.003326313,0.725549945,1088.067115
RB22AS2-6-4-4,1.937242263,0.123829576,0.174011788,0.005715383,0.813999207,1198.433602
RB22AS2-6-4-5,1.387051579,0.043126115,0.140786963,0.002348753,0.225916161,986.823593
RB22AS2-6-8-1,2.275028385,0.077598875,0.19816069,0.006452874,0.671021091,1287.165541
RB22AS2-6-7-1,0.249010244,0.0152409,0.018024675,0.001349676,0.731812735,1636.823461
RB22AS2-6-7-2,0.309970132,0.033555806,0.017961078,0.002223588,0.18472762,2041.053893
RB22AS2-6-7-3,1.121524219,0.034520243,0.084739799,0.003835979,0.803527512,1567.386687
RB22AS2-6-6-1,3.724839014,0.101940156,0.261344543,0.005950263,0.814915664,1681.722521
RB22AS2-6-6-2,2.382107504,0.078035931,0.170046848,0.004547906,0.960402918,1656.527336
RB22AS2-6-6-3,3.799403279,0.104022999,0.271599567,0.007485879,0.761657014,1649.634868
RB22AS2-6-6-4,2.233492869,0.060128017,0.161478382,0.004265289,0.695587562,1637.426689
RB22AS2-6-10-1,1.941131187,0.104798684,0.159853723,0.007552211,0.940349433,1372.921258
RB22AS2-6-10-2,2.272006635,0.082757892,0.190390507,0.005435288,0.822398287,1349.246446
RB22AS2-6-10-3,3.25834062,0.089702793,0.260578547,0.006097054,0.155830632,1424.471813
RB22AS2-6-12-1,0.915337978,0.049911965,0.066162089,0.003536911,0.983401186,1627.955133
RB22AS2-6-12-2,1.234530428,0.097990585,0.089356576,0.007006614,0.989333976,1617.186348
RB22AS2-6-12-3,1.727068946,0.136304328,0.124840705,0.008796152,0.985382129,1619.301597
RB22AS2-6-11-1,0.135374292,0.01903108,0.011495849,0.001303603,0.978280113,1259.257977
RB22AS2-6-11-2,0.09100165,0.01659488,0.008572389,0.001051024,0.977528455,939.1020486
RB22AS2-6-11-3,0.064769436,0.00819681,0.006814183,0.000391021,0.896767805,776.7520818
RB22AS2-6-11-4,0.054985467,0.002479842,0.006536494,0.000181726,0.531308548,616.5573607
RB22AS2-6-9-1,1.800643381,0.040409792,0.174485739,0.003341177,0.852502646,1047.309836
RB22AS2-6-9-2,1.909774295,0.042573577,0.182096052,0.003472285,0.579541056,1077.587835
RB22AS2-6-9-3,1.625195122,0.043104875,0.155143911,0.003195269,0.815712275,1073.152431
RB22AS2-6-5-1,2.858830369,0.076978254,0.232031216,0.006620402,0.786255545,1401.450992
RB22AS2-6-5-2,2.837744966,0.104004995,0.221572997,0.006456731,0.67479668,1471.567793
RB22AS2-6-5-3,0.789764232,0.046416859,0.063312093,0.003598771,0.94102385,1418.045998
RB22AS2-6-5-4,2.566357153,0.101410381,0.20767624,0.005584479,0.668588225,1407.233057
RB22AS2-5-10-1,0.517954199,0.017611766,0.038456128,0.001854616,0.8708265,1576.497014
RB22AS2-5-10-2,0.998165679,0.058290188,0.081821117,0.005141444,0.940867513,1388.178427
RB22AS2-5-10-3,2.462489077,0.072583029,0.20545336,0.00548734,0.853333088,1359.796189
RB22AS2-5-1-1,1.692820634,0.029846029,0.161868764,0.002985805,0.646731294,1084.273973
RB22AS2-5-1-2,1.679514553,0.054092676,0.162612252,0.005210916,0.815254131,1055.540337
RB22AS2-5-1-3,1.782555328,0.035264728,0.172222979,0.003395605,0.710158874,1061.069965
RB22AS2-5-1-4,1.832112303,0.033672684,0.176163816,0.002177367,0.350758782,1070.386617
RB22AS2-5-1-5,1.859432472,0.043108427,0.18361691,0.003208651,0.655300617,1013.507361
RB22AS2-5-1-6,1.722162926,0.045117521,0.16708067,0.004244476,0.864717823,1053.469902
RB22AS2-5-14-1,0.760906466,0.1671796,0.062636782,0.013687532,0.999048087,1374.229909
RB22AS2-5-14-2,0.845230488,0.033134041,0.068696151,0.002734465,0.940177389,1403.899232
RB22AS2-5-14-3,0.515172655,0.059273457,0.042954757,0.004744453,0.986943908,1362.488452
RB22AS2-6-13-1,3.332828134,0.123102009,0.232759694,0.008044188,0.938612227,1708.611351
RB22AS2-6-13-2,3.331066404,0.0835438,0.22960492,0.00681688,0.885309792,1719.98781
RB22AS2-6-13-3,2.703030678,0.068459189,0.190406271,0.006041194,0.878265507,1689.412123
RB22AS2-8-1-1,1.838064306,0.06613713,0.176540208,0.005814054,0.752084576,1086.666372
RB22AS2-8-1-2,0.816837208,0.046215815,0.078148017,0.004367221,0.95786662,1096.430567
RB22AS2-8-1-3,0.930018373,0.050052386,0.086903838,0.005050376,0.929763823,1152.897408
RB22AS2-8-1-4,1.14298129,0.022251269,0.102572672,0.00232915,0.812987841,1231.661199
RB22AS2-8-1-5,1.075820723,0.076557663,0.097863961,0.004043814,0.929089719,1174.592797
RB22AS2-8-1-6,1.757065294,0.102040165,0.15696877,0.004674741,0.903662144,1217.137721
RB22AS2-5-15-1,0.699072401,0.017587662,0.055998269,0.001040574,0.368260815,1444.727065
RB22AS2-5-15-2,1.701516968,0.112359203,0.132765081,0.004970743,0.610068658,1458.415277
RB22AS2-5-15-3,1.740959202,0.056602224,0.134038824,0.004160898,0.805432033,1524.325382
RB22AS2-5-15-4,1.796234808,0.044229703,0.146562175,0.003830483,0.798718676,1419.83619
RB22AS2-5-15-5,1.15420837,0.059817474,0.093810498,0.005080685,0.843415242,1425.837052
RB22AS2-5-11-2,4.137748892,0.069713971,0.285217115,0.004295019,0.751123947,1731.332261
RB22AS2-5-11-3,1.232255471,0.034537982,0.083886305,0.002242173,0.775678817,1754.976745
RB22AS2-5-12-1,3.256959693,0.065908113,0.232052219,0.004816969,0.913054072,1675.844425
RB22AS2-5-12-2,3.833205805,0.056350254,0.274492026,0.004480562,0.646357691,1665.423325
RB22AS2-5-12-3,2.459102983,0.126946843,0.175607169,0.009600768,0.967813446,1674.606421
RB22AS2-5-13-1,0.150395168,0.016747029,0.014200988,0.001481769,0.93911094,1126.173787
RB22AS2-5-13-2,0.148818876,0.041009532,0.013448631,0.003499699,0.989718345,1202.442408
RB22AS2-5-13-3,0.102055365,0.007060149,0.009565075,0.000154498,0.322165489,1156.429619
RB22AS2-5-9-1,3.326053337,0.145240909,0.236536887,0.010468347,0.965413303,1677.843424
RB22AS2-5-9-2,2.600888053,0.129830343,0.187889564,0.008438255,0.940802862,1646.845775
RB22AS2-5-9-3,2.958493231,0.064903485,0.211535328,0.004697861,0.844697188,1669.949441
RB22AS2-5-9-4,2.465002847,0.214915259,0.177222865,0.015841359,0.986733333,1662.343445
RB22AS2-5-9-5,3.899934232,0.187389561,0.277281453,0.012039965,0.910664098,1675.060279
RB22AS2-5-3-1,0.408640822,0.065387541,0.036117819,0.005665332,0.969924183,1262.561631
RB22AS2-5-3-2,1.806244184,0.07644369,0.167029118,0.00779375,0.648759797,1124.675008
RB22AS2-5-3-3,1.496905691,0.034688701,0.145641603,0.00311928,0.395264588,1088.845135
RB22AS2-5-3-4,1.68864706,0.104889986,0.132992705,0.008795291,0.730554222,1489.735221
RB22AS2-5-2-1,3.934907595,0.07792998,0.279547783,0.004758244,0.884061021,1674.325385
RB22AS2-5-2-2,2.775622507,0.052249991,0.195820327,0.003847532,0.862706138,1690.052903
RB22AS2-5-4-1,0.388181074,0.08099771,0.028308206,0.005842505,0.920154949,1607.823108
RB22AS2-5-4-2,0.543036314,0.098232897,0.045756929,0.007825503,0.997087678,1319.667662
RB22AS2-5-4-3,0.720189151,0.085311332,0.056410476,0.006237627,0.968905207,1454.059476
RB22AS2-5-5-1,0.963088789,0.106637769,0.082072849,0.010227421,0.952254896,1401.431319
RB22AS2-5-5-2,1.693620297,0.089324472,0.141690855,0.008722127,0.898338745,1388.934581
RB22AS2-5-5-3,1.048936066,0.070973551,0.088697325,0.006349502,0.942903486,1356.508576
RB22AS2-5-6-1,3.611413953,0.10322661,0.256849258,0.006909002,0.791548706,1674.328817
RB22AS2-5-6-2,3.76779533,0.077307767,0.267175442,0.00594188,0.80991117,1681.231518
RB22AS2-5-6-3,1.386780822,0.088265422,0.095539541,0.006552435,0.95245882,1738.430834
RB22AS2-5-6-4,3.337789797,0.07500675,0.242410651,0.0056778,0.69744005,1638.895968
RB22AS2-5-7-1,2.739971863,0.040777031,0.223846001,0.002943938,0.740041101,1415.684143
RB22AS2-5-7-2,2.508741078,0.091286597,0.20502304,0.006894483,0.857842198,1428.829648
RB22AS2-5-8-1,0.703462416,0.046679382,0.058964514,0.00349057,0.968140399,1364.735245
RB22AS2-5-8-2,1.475978588,0.07241138,0.12103559,0.0062999,0.960058819,1414.655532
RB22AS2-5-8-3,0.926802967,0.030753625,0.075336777,0.002166182,0.702797079,1429.195541
RB22AS2-5-14-1,1.26356434,0.04331268,0.124212671,0.004056757,0.928196972,1069.668189
RB22AS2-5-14-2,1.115120191,0.029017247,0.108640411,0.002384509,0.889030358,1087.08684
RB22AS2-5-14-3,0.576868972,0.041976415,0.056351194,0.003931825,0.981727869,1082.208654
RB22AS2-5-14-4,1.551515446,0.052556694,0.153819557,0.005307793,0.951737232,1056.239058
RB22AS2-5-14-5,1.443499381,0.040536781,0.142292966,0.003707632,0.89239021,1066.656058
RB22AS2-5-16-1,2.700371253,0.06904224,0.22273632,0.00327642,0.739032462,1423.689388
RB22AS2-5-16-2,2.809073479,0.080699844,0.232428701,0.005919064,0.879600253,1410.922035
RB22AS2-5-16-3,2.786214592,0.06126191,0.226249911,0.004446951,0.706838073,1446.860057
RB22AS2-5-16-4,2.921190285,0.040973198,0.239690771,0.00311346,0.537509489,1427.791355
RB22AS2-5-18-1,0.056678697,0.00455872,0.006053838,0.000171858,0.683385728,864.5745816
RB22AS2-5-18-2,0.264243838,0.012130221,0.020878574,0.000820028,0.844002114,1498.376886
RB22AS2-5-18-3,0.068266041,0.005061579,0.007284447,0.000359387,0.951366052,871.4635471
RB22AS2-5-18-4,0.075968429,0.003756753,0.007593791,0.000177869,0.689406614,1039.462092
RB22AS2-5-17-1,2.794536926,0.071383365,0.22601259,0.005366068,0.823804229,1446.984928
RB22AS2-5-17-2,2.291892033,0.106314969,0.1884377,0.005121342,0.860853509,1422.308225
RB22AS2-5-17-3,2.446930279,0.060801678,0.197745851,0.004036042,0.695543446,1440.761359
RB22AS2-5-17-4,2.825062632,0.102573153,0.231935974,0.007775979,0.864664485,1411.533254
RB22AS2-5-21-1,2.485698473,0.085563999,0.203246554,0.007460342,0.91404406,1426.758446
RB22AS2-5-21-2,1.150232791,0.099146156,0.097786565,0.009691418,0.85522111,1354.069192
RB22AS2-5-21-3,2.9128809,0.060526988,0.238078667,0.004043002,0.529652599,1424.947309
RB22AS2-5-21-4,2.037398218,0.065428869,0.166938472,0.006755382,0.783244461,1415.701963
RB22AS2-5-21-5,2.507964133,0.06613344,0.203499243,0.004006615,0.550033816,1436.260886
RB22AS2-8-5-1,1.226902502,0.095084586,0.100148679,0.007590058,0.993503559,1408.464038
RB22AS2-8-5-2,2.572429858,0.047690211,0.210868858,0.004443119,0.783061699,1401.951738
RB22AS2-4-14-1,4.100620929,0.159765217,0.288663898,0.007740811,0.8448121,1706.915532
RB22AS2-4-14-2,4.154057509,0.103331347,0.292809915,0.006909367,0.780069367,1683.720667
RB22AS2-4-14-3,3.53456866,0.118189917,0.256891015,0.009040885,0.949084761,1644.958155
RB22AS2-4-15-1,0.901678427,0.042602928,0.069403507,0.001977863,0.768203091,1508.959281
RB22AS2-4-15-2,1.389782384,0.060635055,0.109068802,0.004014221,0.84436167,1472.49209
RB22AS2-4-15-3,1.297446664,0.057044557,0.105557194,0.004739644,0.977703959,1411.094414
RB22AS2-4-15-4,1.689696642,0.03556727,0.1360276,0.002676249,0.763953307,1424.573502
RB22AS2-4-15-5,1.76634034,0.039978344,0.143462238,0.002972431,0.830306387,1411.50898
RB22AS2-4-17-1,0.575616238,0.023450273,0.048670612,0.001768751,0.750182486,1328.127205
RB22AS2-4-17-2,1.482849994,0.080750701,0.122291816,0.006259012,0.962285815,1390.467081
RB22AS2-4-16-1,3.10185658,0.133431136,0.22564619,0.011510866,0.870411781,1631.442401
RB22AS2-4-16-2,3.183102128,0.122003017,0.222812584,0.009503753,0.945408451,1697.195463
RB22AS2-4-16-3,1.970328863,0.157079737,0.14037502,0.010160876,0.975440175,1659.618848
RB22AS2-4-13-1,3.34826562,0.079811304,0.236374586,0.005064589,0.918404361,1678.239268
RB22AS2-4-13-2,3.460990855,0.146496926,0.247923119,0.010164606,0.904426511,1662.251417
RB22AS2-4-9-1,1.059220526,0.096676273,0.073817161,0.006362852,0.98222619,1697.145285
RB22AS2-4-9-2,2.373591089,0.063345167,0.167686787,0.004109201,0.875242472,1683.738671
RB22AS2-4-9-3,2.285227658,0.085039911,0.160752222,0.006002871,0.967310118,1687.497698
RB22AS2-4-12-1,2.321017765,0.059339439,0.187505027,0.004591767,0.901760221,1426.956042
RB22AS2-4-12-2,1.513549577,0.054219367,0.123463024,0.004093988,0.909054386,1406.692592
RB22AS2-4-12-3,1.965362849,0.084854597,0.158567113,0.005472035,0.757901979,1424.422925
RB22AS2-4-12-4,1.313180167,0.059320472,0.107520048,0.005287202,0.833817142,1398.558174
RB22AS2-4-12-5,1.605435829,0.052032935,0.128237893,0.00413067,0.903434154,1450.279969
RB22AS2-4-12-6,2.877210072,0.056933727,0.233982508,0.004669439,0.926940678,1413.421282
RB22AS2-4-12-7,2.937841339,0.072309415,0.242266228,0.005569693,0.630536535,1397.435399
RB22AS2-4-12-8,2.989787681,0.087367766,0.240069942,0.006375619,0.811765751,1434.998783
RB22AS2-4-19-1,1.24273722,0.053733452,0.090342068,0.003776618,0.929431512,1617.775432
RB22AS2-4-19-2,4.24991055,0.147231488,0.303831248,0.009541825,0.860366558,1646.077164
RB22AS2-4-19-3,1.932932564,0.14794248,0.140679043,0.010792913,0.979373989,1616.661718
RB22AS2-4-19-4,1.099554081,0.071425433,0.078119747,0.004041454,0.960631664,1653.28086
RB22AS2-4-19-5,1.373939811,0.099170396,0.101260863,0.007284251,0.976615406,1592.053967
RB22AS2-4-19-6,0.415016497,0.039603007,0.031778133,0.002594742,0.982801139,1502.246965
RB22AS2-4-18-1,2.57623345,0.031919409,0.214979606,0.002796316,0.468723779,1356.680036
RB22AS2-4-18-2,0.075945166,0.011296318,0.008601566,0.000965898,0.985422967,693.6484343
RB22AS2-4-18-3,2.360474917,0.103541187,0.200975914,0.009197218,0.854288484,1324.574405
RB22AS2-4-18-4,2.059722181,0.078016632,0.173870294,0.00609689,0.932981189,1332.764596
RB22AS2-4-10-1,2.870997747,0.09561467,0.199355363,0.006965804,0.959796709,1706.275124
RB22AS2-4-10-2,3.076274361,0.068788751,0.213503384,0.004303608,0.909321808,1705.036893
RB22AS2-4-10-3,2.340676404,0.078933635,0.162502051,0.004752605,0.909843941,1706.390817
RB22AS2-4-10-4,2.641926492,0.06740363,0.187838344,0.003993853,0.773262005,1656.025795
RB22AS2-9-11-1,0.549839102,0.030195846,0.039669537,0.001997371,0.971135982,1631.581167
RB22AS2-9-11-2,3.600379905,0.080962635,0.253873881,0.005628961,0.548451012,1675.566176
RB22AS2-9-11-3,3.03444493,0.100086685,0.215072275,0.00676661,0.733534989,1663.718617
RB22AS2-9-11-4,2.592018356,0.084036575,0.180658941,0.004972132,0.857517292,1700.158601
RB22AS2-9-11-5,0.402180445,0.070996762,0.030602441,0.004970915,0.99430252,1457.334063
RB22AS2-9-11-6,2.215476164,0.182238605,0.156028634,0.012322089,0.983102546,1677.248879
RB22AS2-4-8-1,0.719462279,0.113438916,0.058816059,0.009144956,0.996914956,1394.749607
RB22AS2-4-8-2,0.187976307,0.00824189,0.016798306,0.0005576,0.788545451,1215.69647
RB22AS2-4-7-1,0.858605706,0.059065856,0.069756235,0.003675622,0.742766061,1403.913155
RB22AS2-4-7-2,1.703941462,0.070538376,0.157998265,0.006051776,0.860373754,1149.227832
RB22AS2-4-7-3,1.26905894,0.071813583,0.116582994,0.005314192,0.899138812,1159.714978
RB22AS2-4-7-4,0.541605557,0.029624329,0.04934889,0.002387624,0.87830913,1177.776623
RB22AS2-4-7-5,0.605268948,0.031163459,0.058037363,0.002957544,0.72626339,1089.874906
RB22AS2-4-4-1,1.011205908,0.044821011,0.096439389,0.004110793,0.713609057,1089.049539
RB22AS2-4-4-2,0.901923624,0.038643203,0.085132458,0.004051563,0.727422297,1126.6257
RB22AS2-4-4-3,0.806695731,0.053903211,0.074092401,0.003810956,0.758702739,1152.433399
RB22AS2-4-4-4,1.576188948,0.047977158,0.148556878,0.003198306,0.852590856,1119.543457
RB22AS2-4-4-5,0.843353298,0.073012847,0.078908381,0.005781375,0.890790047,1110.336495
RB22AS2-4-3-1,0.146316179,0.013763669,0.012209756,0.000784797,0.912432508,1317.870086
RB22AS2-4-3-2,0.071932247,0.004799417,0.007682156,0.000363576,0.901125847,842.0978812
RB22AS2-4-3-3,0.508692469,0.045001641,0.034276423,0.002728803,0.950140309,1757.652009
RB22AS2-4-3-4,0.061398655,0.004447799,0.006662831,0.000350643,0.828454577,813.8163576
RB22AS2-4-6-1,0.36028547,0.032638985,0.025942448,0.002408293,0.962230729,1633.108198
RB22AS2-4-6-2,0.325377447,0.037013321,0.027225647,0.003187034,0.983772387,1361.919625
RB22AS2-4-6-3,2.39751093,0.057823291,0.193079835,0.004940681,0.856841137,1419.755876
RB22AS2-4-2-1,0.451574651,0.066661595,0.03511785,0.004683355,0.964896296,1466.559723
RB22AS2-4-2-2,0.469510225,0.020775274,0.039236595,0.001786288,0.882110227,1363.031979
RB22AS2-4-2-3,2.35691113,0.114195392,0.189958711,0.007795548,0.915472418,1414.105967
RB22AS2-4-5-3,2.622288768,0.075222235,0.219273828,0.00422871,0.771796163,1347.065715
RB22AS2-4-5-4,2.213405412,0.191454972,0.145285241,0.003968153,0.285509134,1779.070501
RB22AS2-4-5-5,2.106155908,0.107067138,0.14550608,0.005552094,0.817990587,1712.784258
RB22AS2-4-1-1,2.490560468,0.094348515,0.201127043,0.00721836,0.926890312,1427.479303
RB22AS2-4-1-2,0.767334677,0.04678256,0.06033207,0.003618039,0.836012029,1487.152082
RB22AS2-4-1-3,2.677308477,0.079442193,0.215843915,0.006002551,0.90117375,1429.80316
RB22AS2-2-20-1,3.824007634,0.073819411,0.270012085,0.005754982,0.613159059,1681.023491
RB22AS2-2-20-2,3.500052641,0.118186455,0.253112543,0.008346656,0.850588685,1632.053163
RB22AS2-2-20-3,0.772211003,0.105729051,0.05800708,0.008239594,0.98892033,1574.59077
RB22AS2-2-10-1,3.900486163,0.086568614,0.27296442,0.00554723,0.631624565,1700.080555
RB22AS2-2-10-2,4.165439187,0.106769956,0.294886453,0.006968246,0.610029722,1682.148799
RB22AS2-2-10-3,3.860359009,0.121735999,0.272204107,0.008354122,0.598254301,1689.168402
RB22AS2-2-10-4,3.958651663,0.080708458,0.286108397,0.005621226,0.303007729,1638.447096
RB22AS2-2-10-5,4.186470063,0.124552407,0.297226252,0.009476662,0.755098667,1685.13697
RB22AS2-2-10-6,4.231336475,0.073453467,0.297343718,0.005258297,0.670227967,1691.319277
RB22AS2-2-15-1,1.929950732,0.029008481,0.183777567,0.003373908,0.470823221,1102.150818
RB22AS2-2-15-2,1.267878302,0.023739809,0.123053841,0.00191965,0.521705842,1061.644981
RB22AS2-2-15-3,1.332240496,0.032606601,0.128768324,0.001818918,0.682995018,1069.864632
RB22AS2-2-15-4,0.180746605,0.013974457,0.017306698,0.000864843,0.610480522,1108.87004
RB22AS2-2-15-5,0.493741967,0.010362905,0.049205227,0.000953123,0.647376478,1021.574434
RB22AS2-2-5-1,2.418147366,0.090140496,0.194293541,0.006543293,0.920429143,1422.471986
RB22AS2-2-5-2,2.557601614,0.078948263,0.207670317,0.004451936,0.760150023,1394.226431
RB22AS2-2-5-3,1.092269051,0.045683763,0.089296256,0.003426296,0.817010841,1391.632631
RB22AS2-2-5-4,2.454969517,0.139701962,0.197576656,0.010483109,0.629163429,1411.547447
RB22AS2-2-5-5,2.359293291,0.062274572,0.189076936,0.003860984,0.662609189,1427.279096
Spot 189,4.312990421,0.075382937,0.297196965,0.004661938,0.745826081,1702.570404
RB22AS2-2-6-1,4.480695731,0.0938329,0.306917057,0.006435547,0.708801684,1714.369708
RB22AS2-2-6-2,4.140481048,0.045256082,0.283985716,0.003785364,0.72298141,1704.609068
RB22AS2-2-6-3,3.644800373,0.063262323,0.247360577,0.003610193,0.69555199,1726.464764
RB22AS2-2-6-4,1.562294739,0.056190193,0.103877459,0.003486885,0.926782952,1768.573855
RB22AS2-2-7-1,1.755251708,0.152068112,0.122731861,0.010507863,0.96901729,1690.665487
RB22AS2-2-7-2,3.979334434,0.088402396,0.27567741,0.005666899,0.796644034,1696.331718
RB22AS2-2-7-3,2.390434538,0.075556737,0.170095951,0.005089782,0.857904006,1650.111467
RB22AS2-2-2-1,0.747147115,0.02629705,0.055999837,0.002353487,0.858911656,1557.185715
RB22AS2-2-2-2,1.961674625,0.104714253,0.133638252,0.007023026,0.856915948,1745.504105
RB22AS2-2-2-3,0.862513216,0.11319542,0.066671763,0.008464554,0.991436673,1492.393783
RB22AS2-2-1-1,1.774541776,0.151805102,0.124537585,0.0107034,0.989310901,1681.462436
RB22AS2-2-1-2,1.988145054,0.127812222,0.14596868,0.006880116,0.928053744,1587.115944
RB22AS2-2-3-1,2.166765106,0.083083913,0.172985567,0.006631658,0.949207626,1444.967853
RB22AS2-2-3-2,2.722223415,0.125445966,0.219363349,0.00940925,0.894473096,1427.753116
RB22AS2-2-3-3,0.778014077,0.050030349,0.061632544,0.004185272,0.931036644,1469.466515
RB22AS2-2-3-4,2.336525782,0.120850999,0.1868847,0.010515476,0.846886091,1458.842962
RB22AS2-2-4-1,2.780231864,0.072494285,0.226606171,0.00545169,0.828388493,1413.622891
RB22AS2-2-4-2,1.690988697,0.044554246,0.136086167,0.004449408,0.775637086,1406.983777
RB22AS2-2-4-3,1.867347846,0.035956095,0.147587405,0.002558171,0.838337094,1466.621287
RB22AS2-2-4-4,2.089533738,0.050167725,0.168796242,0.003619831,0.911747366,1431.676267
RB22AS2-2-8-1,1.643744161,0.05566592,0.11749284,0.003780824,0.970185718,1652.22983
RB22AS2-2-8-2,0.248733259,0.011483251,0.019457473,0.000763913,0.91511213,1491.60132
RB22AS2-2-8-3,1.038047966,0.113357711,0.072218432,0.007813833,0.992297762,1702.190749
RB22AS2-2-8-4,3.226163735,0.118638463,0.215228237,0.007477582,0.964515686,1772.993958
RB22AS2-2-8-5,0.641916741,0.0183258,0.045108718,0.000944216,0.818240931,1680.838504
RB22AS2-2-8-6,3.505341324,0.128162775,0.235070536,0.010460408,0.922925261,1768.52079
RB22AS2-2-8-7,0.996529746,0.057345334,0.068287625,0.004016805,0.971629288,1715.845652
RB22AS2-2-16-1,0.261397708,0.008576492,0.02031582,0.000337678,0.366853266,1493.893692
RB22AS2-2-16-2,0.461276859,0.02826184,0.033451557,0.001561025,0.94898847,1607.912994
RB22AS2-2-16-3,2.172928656,0.093499549,0.149555216,0.006304142,0.984912679,1712.644885
RB22AS2-2-16-4,2.103184123,0.041186089,0.147169149,0.002357676,0.645136783,1682.879709
RB22AS2-2-16-5,0.606034811,0.042358612,0.043540697,0.002851321,0.989128025,1632.847387
RB22AS2-2-16-6,1.426116082,0.067606546,0.098854774,0.00504434,0.954008534,1702.465647
RB22AS2-2-17-1,2.850423526,0.093508767,0.200864462,0.006281067,0.833520294,1665.719173
RB22AS2-2-17-2,3.521861666,0.140692524,0.249535595,0.010179994,0.892235097,1667.492208
RB22AS2-2-12-1,3.442772494,0.087342758,0.240947299,0.005581099,0.872503765,1686.006069
RB22AS2-2-12-2,2.911756649,0.100325818,0.204821559,0.007076112,0.950410661,1676.85709
RB22AS2-2-12-3,3.655650699,0.086423533,0.257487205,0.005926667,0.81994607,1669.020663
RB22AS2-2-12-4,3.43411551,0.101925785,0.236488968,0.006095182,0.892279219,1710.457223
RB22AS2-2-18-1,3.912850226,0.199255888,0.273588705,0.012114005,0.849406074,1675.577646
RB22AS2-2-18-2,3.57904519,0.103586908,0.250323782,0.00579996,0.883714433,1695.013016
RB22AS2-2-18-3,4.176700854,0.064723341,0.290594342,0.00472414,0.74002485,1694.488999
RB22AS2-2-18-4,3.129176686,0.072301341,0.223304532,0.005110449,0.80119305,1650.259121
RB22AS2-2-18-5,3.731366196,0.123833429,0.261301108,0.009390179,0.933226888,1682.421367
RB22AS2-2-18-6,3.532227225,0.081184231,0.245043016,0.006010905,0.851671951,1683.4118
RB22AS2-2-19-1,1.094596435,0.038466938,0.103097544,0.003911249,0.923852567,1110.494022
RB22AS2-2-19-2,1.826294291,0.052092751,0.176564224,0.005088139,0.842109462,1055.844517
RB22AS2-2-19-3,1.841348481,0.053715645,0.177030102,0.005446417,0.808322936,1072.509218
RB22AS2-2-19-4,0.836617906,0.020399174,0.078541042,0.001275201,0.814953789,1117.12949
RB22AS2-2-19-5,1.229223174,0.049648893,0.119747339,0.005543214,0.898040972,1062.043316
RB22AS2-2-19-6,0.540330309,0.017726564,0.05133698,0.001717678,0.856751135,1102.767408
RB22AS2-2-19-7,1.066161029,0.043791761,0.102535429,0.003659138,0.887276236,1069.303142
RB22AS2-2-19-8,0.988942073,0.025374003,0.096439736,0.002261977,0.830531038,1049.520557
RB22AS2-2-13-1,3.101307951,0.073476444,0.250442161,0.005752509,0.616883462,1418.006593
RB22AS2-2-13-2,0.389667257,0.036086996,0.01431302,0.00060472,0.291881506,2794.419339
RB22AS2-3-3-1,3.489026993,0.136475218,0.243266849,0.010960884,0.935917752,1701.196344
RB22AS2-3-3-2,2.491181277,0.0948932,0.173258346,0.00573369,0.941695645,1698.738865
RB22AS2-3-2-1,3.475699753,0.058238241,0.243423553,0.003949179,0.83479282,1690.167449
RB22AS2-3-2-2,2.678623375,0.06921618,0.187336606,0.004698552,0.881444614,1696.794247
RB22AS2-2-14-1,2.807228803,0.054049943,0.22866286,0.004837276,0.960595304,1411.174976
RB22AS2-2-14-2,1.848169827,0.143186066,0.151781813,0.011905451,0.991341327,1401.364625
RB22AS2-2-14-3,1.60431303,0.050240759,0.129162251,0.003723692,0.96689786,1433.197917
RB22AS2-2-14-4,0.364733697,0.021121904,0.031249886,0.001300953,0.937310797,1300.807712
RB22AS2-2-14-5,0.514407271,0.048399102,0.040909877,0.002475391,0.821337775,1446.219141
RB22AS2-2-14-6,0.741145709,0.033054161,0.060599747,0.002112118,0.919368507,1390.480834
RB22AS2-2-14-7,1.85757759,0.072590426,0.152816843,0.004600795,0.904728004,1383.498604
RB22AS2-3-4-1,2.911035085,0.059889529,0.237326274,0.003852869,0.749344704,1404.932933
RB22AS2-3-4-2,1.996218218,0.035606597,0.161856912,0.003004629,0.872665731,1417.24197
RB22AS2-3-4-3,1.031191622,0.020452991,0.082292432,0.001649556,0.711336332,1444.526095
RB22AS2-3-4-4,1.966085286,0.075505354,0.159987568,0.005862168,0.949597633,1405.346259
RB22AS2-3-4-5,1.248247347,0.036126197,0.100015398,0.002582864,0.892594464,1434.465866
RB22AS2-3-5-1,1.828904598,0.082640175,0.155439005,0.006636438,0.892185199,1335.847569
RB22AS2-3-5-2,1.928680873,0.04989514,0.16202711,0.003617503,0.879719606,1342.300275
RB22AS2-3-5-3,1.2937427,0.079187437,0.109307787,0.005994141,0.95108151,1327.661781
RB22AS2-3-5-4,1.501887273,0.04108598,0.124462749,0.003727406,0.912132659,1377.876954
RB22AS2-3-7-1,1.787062666,0.039242867,0.172506213,0.003624069,0.493678903,1084.292708
RB22AS2-3-7-2,1.915673603,0.053891387,0.18527656,0.004216202,0.579764349,1077.07306
RB22AS2-3-7-3,1.082457359,0.05839669,0.093096003,0.004872036,0.566314165,1309.301477
RB22AS2-3-7-4,1.694072762,0.051589262,0.170527068,0.005396605,0.787739191,1042.623221
RB22AS2-3-6-1,1.507802045,0.096513968,0.128285697,0.008106042,0.956697545,1346.913496
RB22AS2-3-6-2,0.427647945,0.052390879,0.034221316,0.004214729,0.837500413,1404.468679
RB22AS2-3-6-3,1.225842755,0.07806097,0.103813213,0.007000771,0.975998263,1352.840798
RB22AS2-3-6-4,2.549733516,0.065435196,0.212635928,0.003726109,0.802175191,1371.294733
RB22AS2-3-6-5,1.688550404,0.050076735,0.141782794,0.003595589,0.855592542,1357.116326
RB22AS2-3-6-6,0.418672119,0.065253192,0.035486956,0.005517318,0.977639025,1349.335251
RB22AS2-2-9-1,1.143264993,0.115486033,0.105156562,0.011026544,0.893950729,1149.90193
RB22AS2-2-9-2,1.634783767,0.144853452,0.157486643,0.01264154,0.868415695,1059.785122
RB22AS2-2-9-3,1.882082546,0.08109249,0.176553661,0.005811762,0.670744002,1115.461817
RB22AS2-2-9-4,1.711391203,0.066086249,0.160984438,0.004806167,0.580881104,1106.782327
RB22AS2-2-10-1,1.806658475,0.034707755,0.172245631,0.002126584,0.784918146,1080.986126
RB22AS2-2-10-2,1.627214711,0.037622138,0.157275559,0.003263524,0.8275813,1048.026449
RB22AS2-2-10-3,1.587193967,0.031989074,0.151378126,0.003402254,0.821046934,1075.811545
RB22AS2-2-10-4,1.445732038,0.031810871,0.137447392,0.002727121,0.778989596,1080.734148
RB22AS2-2-11-1,3.237099762,0.098169304,0.22414771,0.004368169,0.7604379,1686.827265
RB22AS2-2-11-2,2.782965842,0.056997714,0.190868804,0.004208882,0.730563416,1705.586477
RB22AS2-2-11-3,0.288405282,0.019228314,0.021570295,0.001367794,0.957285623,1546.061345
RB22AS2-2-11-4,3.900755186,0.182395358,0.264524127,0.011980383,0.942333789,1731.108692
RB22AS2-2-11-5,0.505513414,0.030607077,0.036718752,0.002075167,0.979491422,1614.014583
RB22AS2_1_1,1.459232675,0.053539277,0.099811145,0.003301308,0.946599711,1674.59389
RB22AS2_1_2,2.690197299,0.163904587,0.185888116,0.012238419,0.98172591,1693.064647
RB22AS2_1_3,2.835795437,0.046636715,0.204655149,0.004957339,0.757408383,1654.391966
RB22AS2_2_1,0.067616559,0.006702028,0.005736045,0.00021135,0.390994436,1321.840992
RB22AS2_3_1,0.845350795,0.058258105,0.061069597,0.003954445,0.974614408,1633.554415
RB22AS2_3_2,0.629718294,0.0403032,0.045673634,0.003082303,0.98642261,1638.031853
RB22AS2_4_1,0.475679628,0.046460122,0.036284766,0.003760776,0.944330686,1576.175182
RB22AS2_9_1,2.200465746,0.127084336,0.185286516,0.010002051,0.959775088,1352.675904
RB22AS2_9_2,1.774203792,0.113540109,0.151927695,0.009723025,0.975924187,1368.940485
RB22AS2_9_3,2.31745783,0.07223952,0.199287515,0.007772548,0.848243433,1345.165006
RB22AS2_10_1,0.190327942,0.011567425,0.015399181,0.000640378,0.93483116,1418.685269
RB22AS2_11_1,1.269049177,0.055676726,0.111760233,0.007073706,0.912446206,1346.076097
RB22AS2_12_1,0.366433027,0.083581578,0.028982296,0.005905605,0.990441677,1437.54945
RB22AS2_12_2,0.19117805,0.027448823,0.015113525,0.002085751,0.908475929,1466.515964
RB22AS2_13_1,1.437508545,0.218956884,0.103686751,0.016105831,0.996194871,1644.959541
RB22AS2_13_2,3.569631907,0.076732017,0.253272437,0.006227722,0.820642642,1724.69292
RB22AS2_13_3,3.089311496,0.033392618,0.21369404,0.003627047,0.674643283,1723.484666
RB22AS2_14_1,1.049538857,0.133161864,0.090125709,0.011141293,0.987806087,1337.434331
RB22AS2_14_2,0.806702291,0.199360434,0.067452589,0.016366257,0.955772286,1301.783647
RB22AS2_15_1,0.355603805,0.043882363,0.017430453,0.000521112,0.852905775,2236.879202
RB22AS2_16_1,1.634570571,0.37715219,0.108203167,0.019711771,0.783466883,1783.879723
RB22AS2_5_1,0.088663893,0.003577331,0.008708118,0.00027625,0.360426928,963.5202235
RB22AS2_5_2,0.064045735,0.003156404,0.006829628,0.000129718,0.551585464,799.690177
RB22AS2_6_1,3.375400244,0.075112164,0.23596411,0.008650299,0.936670268,1707.634724
RB22AS2_6_2,3.071881945,0.186859639,0.210600801,0.011298958,0.980099697,1720.191097
RB22AS2_17_1,2.933875938,0.312305394,0.203481316,0.02232095,0.995083535,1695.5679
RB22AS2_17_2,3.044055371,0.300691186,0.207922983,0.019283702,0.990631672,1688.604209
RB22AS2_18_1,1.005667132,0.121916754,0.087975631,0.008324759,0.965758351,1310.868236
RB22AS2_18_2,1.495806968,0.119686346,0.118663987,0.009172056,0.987434826,1456.604182
RB22AS2_19_1,1.817627978,0.03319483,0.170269887,0.00368624,0.743133431,1135.788691
RB22AS2_20_1,0.981284654,0.152914804,0.072598517,0.01039584,0.993460325,1628.931057
RB22AS2_22_1,1.30921997,0.292125531,0.111079733,0.024669299,0.99603786,1391.193851
RB22AS2_23_1,2.646424542,0.342246191,0.187275538,0.024975171,0.989947039,1714.009652
RB22AS2_23_2,3.362901066,0.139666162,0.236400417,0.010843865,0.976504128,1721.882565